USB2G43178_1:101,,Capture_3:203,,Capture_4:204,,Capture_5:205,,Capture_6:206,
350,"0,66038",350,"-0,1897",350,"0,39828",350,"-4,97304",350,"-0,31826"
351,"-4,65043",351,"-5,35253",351,"-1,53045",351,"1,86047",351,"0,35196"
352,"0,43446",352,"-3,02341",352,"-1,84721",352,"-6,44266",352,"0,11701"
353,"-0,40927",353,"3,42569",353,"-1,20412",353,"3,03864",353,"1,68011"
354,"3,96486",354,"5,13995",354,"4,1835",354,"6,51659",354,"-1,83082"
355,"1,84917",355,"1,87793",355,"-6,65087",355,"1,64604",355,"-0,34234"
356,"-1,73615",356,"-1,08888",356,"-4,89082",356,"0,1785",356,"-2,4943"
357,"2,0298",357,"-1,49457",357,"5,15175",357,"1,74632",357,"3,98828"
358,"5,81375",358,"-1,20549",358,"1,99396",358,"5,10809",358,"-0,53994"
359,"-1,44511",359,"-1,27887",359,"-0,53941",359,"2,32852",359,"1,03838"
360,"2,07335",360,"8,10339",360,"8,35294",360,"8,40178",360,"5,42273"
361,"2,80119",361,"-0,97729",361,"-0,52474",361,"1,22224",361,"0,26263"
362,"1,42876",362,"0,44741",362,"3,53282",362,"1,16933",362,"0,51577"
363,"1,93222",363,"-2,58429",363,"-1,03766",363,"0,39645",363,"4,24851"
364,"2,6656",364,"4,25695",364,"3,24405",364,"2,97561",364,"0,62859"
365,"9,31763",365,"17,44506",365,"3,85483",365,"17,81662",365,"10,22796"
366,"4,42786",366,"3,20908",366,"1,07772",366,"1,41238",366,"-0,86805"
367,"-0,5368",367,"2,95328",367,"2,79449",367,"0,92725",367,"4,8384"
368,"2,97111",368,"2,56153",368,"2,18331",368,"6,51471",368,"4,67604"
369,"3,358",369,"0,49955",369,"2,77411",369,"8,32757",369,"7,93778"
370,"4,62233",370,"9,8742",370,"-0,12747",370,"1,47282",370,"3,44816"
371,"6,75091",371,"6,42616",371,"4,27346",371,"6,56652",371,"1,15897"
372,"0,81552",372,"8,47183",372,"2,5354",372,"4,10551",372,"1,96293"
373,"1,45878",373,"14,11256",373,"0,27625",373,"16,76951",373,"4,41844"
374,"-3,18046",374,"6,15665",374,"-1,94059",374,"5,62158",374,"1,06856"
375,"0,78548",375,"2,93767",375,"-1,86423",375,"5,98801",375,"-4,57623"
376,"6,2019",376,"13,23858",376,"3,49666",376,"6,60479",376,"3,01083"
377,"0,92639",377,"2,34775",377,"1,12331",377,"2,63513",377,"4,93047"
378,"1,09291",378,"0,72333",378,"1,35655",378,"1,58652",378,"4,6955"
379,"3,84825",379,"4,10468",379,"1,58535",379,"4,41219",379,"3,9673"
380,"-0,99288",380,"7,42029",380,"-0,91135",380,"8,77949",380,"3,85668"
381,"3,6309",381,"20,14516",381,"9,95314",381,"11,48017",381,"8,311"
382,"7,61172",382,"6,56508",382,"-3,28176",382,"0,66477",382,"6,76767"
383,"2,88388",383,"1,31386",383,"6,19974",383,"-0,46035",383,"1,88495"
384,"-2,21382",384,"7,45748",384,"2,03866",384,"1,59294",384,"6,08483"
385,"5,05445",385,"6,7625",385,"0,93289",385,"-3,41178",385,"-1,00362"
386,"1,8582",386,"-0,76549",386,"0,15059",386,"5,66499",386,"3,16316"
387,"2,37057",387,"-0,58096",387,"-1,53809",387,"-2,82619",387,"3,86081"
388,"-0,52753",388,"2,84655",388,"1,32005",388,"7,06398",388,"4,94996"
389,"-0,03857",389,"6,97674",389,"2,15168",389,"6,72919",389,"5,52268"
390,"6,3649",390,"1,42451",390,"2,61753",390,"3,92446",390,"1,11128"
391,"3,53631",391,"5,98186",391,"2,6048",391,"4,36879",391,"3,25039"
392,"3,37025",392,"3,41936",392,"-0,71751",392,"4,54804",392,"4,86534"
393,"-1,04446",393,"-2,22628",393,"2,95665",393,"4,87713",393,"7,04887"
394,"2,46593",394,"-3,2445",394,"3,30254",394,"-0,978",394,"5,44215"
395,"6,96553",395,"5,50677",395,"6,80038",395,"7,15867",395,"3,46875"
396,"3,35006",396,"-0,65476",396,"1,15246",396,"2,73522",396,"2,98372"
397,"1,96259",397,"5,73223",397,"4,04578",397,"1,8457",397,"0,50481"
398,"2,1485",398,"3,97665",398,"0,86556",398,"5,58816",398,"5,6343"
399,"0,78195",399,"1,18445",399,"2,10713",399,"1,60532",399,"1,29931"
400,"4,15002",400,"2,26296",400,"-0,72036",400,"2,37409",400,"2,4505"
401,"2,05616",401,"4,4917",401,"2,10364",401,"5,03472",401,"4,93987"
402,"1,04656",402,"-0,60621",402,"0,39272",402,"5,01741",402,"0,86715"
403,"2,10319",403,"8,87731",403,"1,68422",403,"10,90795",403,"4,91019"
404,"4,6533",404,"0,49866",404,"1,83944",404,"-0,6755",404,"5,02683"
405,"9,5271",405,"2,22794",405,"-1,77567",405,"7,07671",405,"4,92717"
406,"-1,4779",406,"3,39106",406,"3,43948",406,"0,90332",406,"6,03569"
407,"1,95629",407,"-0,56753",407,"0,09784",407,"-1,33112",407,"8,97006"
408,"2,31571",408,"-2,2312",408,"3,09469",408,"-1,32227",408,"4,99137"
409,"3,53415",409,"-2,75513",409,"1,98213",409,"-0,32452",409,"8,83455"
410,"1,00027",410,"10,34351",410,"4,08538",410,"6,67419",410,"4,97172"
411,"0,3614",411,"7,98615",411,"4,437",411,"4,78586",411,"5,56325"
412,"2,96294",412,"8,48977",412,"-0,18746",412,"4,45141",412,"6,56838"
413,"2,82031",413,"3,28692",413,"-0,98235",413,"5,49981",413,"4,96645"
414,"9,86913",414,"1,98048",414,"1,45563",414,"2,3238",414,"9,00956"
415,"3,01588",415,"7,49242",415,"8,40398",415,"3,73944",415,"3,5915"
416,"6,81282",416,"13,4388",416,"8,23467",416,"16,77407",416,"7,78756"
417,"6,92144",417,"4,1113",417,"1,37465",417,"7,54079",417,"4,03815"
418,"0,60118",418,"4,98895",418,"1,42205",418,"2,67847",418,"7,68922"
419,"-1,02903",419,"5,85201",419,"2,84298",419,"2,25682",419,"8,95541"
420,"10,26858",420,"-7,7157",420,"2,36087",420,"7,06957",420,"0,02092"
421,"1,70592",421,"4,49824",421,"-0,34591",421,"3,81993",421,"4,70884"
422,"2,33624",422,"1,18651",422,"4,00168",422,"2,64956",422,"8,79077"
423,"3,5002",423,"2,93822",423,"4,36173",423,"-0,21703",423,"2,57187"
424,"4,33397",424,"7,791",424,"2,47664",424,"9,82452",424,"6,35259"
425,"2,78579",425,"5,71021",425,"-2,06734",425,"6,95725",425,"3,92621"
426,"3,8171",426,"2,46454",426,"1,07493",426,"-1,19945",426,"6,125"
427,"2,26546",427,"5,5008",427,"5,21195",427,"4,42716",427,"0,83877"
428,"3,39484",428,"-2,36495",428,"3,20375",428,"3,18746",428,"5,62587"
429,"4,8723",429,"0,31965",429,"9,11523",429,"3,5653",429,"8,06783"
430,"7,72147",430,"2,87551",430,"0,11466",430,"4,04015",430,"7,4978"
431,"7,54846",431,"3,20456",431,"1,73453",431,"4,13002",431,"9,87497"
432,"4,02016",432,"5,69568",432,"2,17006",432,"3,45603",432,"10,97848"
433,"8,62637",433,"2,43227",433,"1,49663",433,"3,84729",433,"16,58907"
434,"4,72381",434,"2,44275",434,"2,23333",434,"1,33769",434,"14,21068"
435,"-0,72961",435,"2,44124",435,"-2,39906",435,"1,84536",435,"16,85256"
436,"6,09326",436,"1,19989",436,"4,1482",436,"3,30038",436,"20,14773"
437,"6,27178",437,"-2,43559",437,"-2,16953",437,"8,39999",437,"33,51649"
438,"2,81939",438,"3,75043",438,"4,72678",438,"10,56536",438,"26,35225"
439,"4,89673",439,"0,29267",439,"-0,02999",439,"6,52725",439,"28,04343"
440,"4,57487",440,"9,55115",440,"4,97052",440,"8,18343",440,"31,96594"
441,"6,593",441,"8,23865",441,"3,42456",441,"6,00884",441,"38,35781"
442,"4,0665",442,"4,61475",442,"-2,86239",442,"1,70994",442,"44,46271"
443,"1,34727",443,"0,4392",443,"-1,49422",443,"2,72415",443,"55,28512"
444,"0,14668",444,"3,8147",444,"0,04244",444,"4,75698",444,"62,26015"
445,"2,14304",445,"5,24903",445,"0,92016",445,"6,51682",445,"70,47707"
446,"8,8527",446,"0,70495",446,"2,05574",446,"4,65757",446,"85,59755"
447,"5,25105",447,"2,48363",447,"2,11585",447,"0,69651",447,"90,01438"
448,"3,90219",448,"-0,09163",448,"1,56609",448,"4,85798",448,"118,23095"
449,"4,98324",449,"-1,62967",449,"-0,91329",449,"-1,32643",449,"132,82087"
450,"5,81274",450,"10,14405",450,"7,70861",450,"9,66182",450,"152,94153"
451,"1,52251",451,"4,46993",451,"-0,08443",451,"4,1073",451,"171,58584"
452,"7,74891",452,"5,89928",452,"2,15605",452,"7,06436",452,"198,85352"
453,"7,31818",453,"7,04216",453,"5,43122",453,"7,0989",453,"224,10242"
454,"2,10329",454,"4,93909",454,"-2,07193",454,"-0,65801",454,"280,67495"
455,"3,09548",455,"9,00783",455,"5,28133",455,"8,13466",455,"318,8838"
456,"4,99317",456,"0,58251",456,"3,06621",456,"7,64809",456,"377,42681"
457,"4,81038",457,"5,9433",457,"-0,93147",457,"1,82302",457,"438,74131"
458,"9,47389",458,"5,17385",458,"1,07078",458,"5,61648",458,"493,28466"
459,"6,03124",459,"2,29677",459,"-0,97635",459,"2,5731",459,"606,85308"
460,"2,36236",460,"3,23735",460,"1,70628",460,"7,90731",460,"711,91635"
461,"8,57661",461,"12,62028",461,"0,93622",461,"14,00983",461,"823,91605"
462,"12,79116",462,"22,7473",462,"5,44935",462,"20,7517",462,"964,84142"
463,"2,85224",463,"3,37091",463,"2,1454",463,"4,26502",463,"1138,52056"
464,"6,6102",464,"2,2318",464,"1,47471",464,"3,24975",464,"1282,01712"
465,"5,46449",465,"5,29449",465,"0,88197",465,"1,75187",465,"1468,26595"
466,"9,16082",466,"26,0629",466,"11,03069",466,"32,51787",466,"1695,62121"
467,"2,62301",467,"1,67173",467,"8,05546",467,"5,29064",467,"1830,56088"
468,"2,42982",468,"-0,04272",468,"9,19218",468,"0,74381",468,"2024,90872"
469,"3,69813",469,"2,9756",469,"1,28361",469,"3,60082",469,"2210,40849"
470,"0,94098",470,"0,47441",470,"2,18518",470,"2,71559",470,"2330,30868"
471,"3,24861",471,"9,83672",471,"0,55589",471,"11,46442",471,"2439,25034"
472,"3,7986",472,"5,84984",472,"0,52276",472,"7,9061",472,"2566,60847"
473,"3,71025",473,"6,35555",473,"2,6539",473,"5,18359",473,"2600,3229"
474,"3,38473",474,"5,26529",474,"2,42801",474,"2,53207",474,"2600,62653"
475,"3,69004",475,"5,17736",475,"2,01687",475,"3,41477",475,"2555,17942"
476,"2,90227",476,"1,18122",476,"1,41813",476,"1,22001",476,"2458,0976"
477,"5,99529",477,"6,28997",477,"1,13567",477,"2,69509",477,"2345,30619"
478,"-5,19004",478,"6,63465",478,"0,31997",478,"1,92475",478,"2262,75337"
479,"6,57714",479,"11,50383",479,"3,16264",479,"6,41726",479,"2171,79923"
480,"6,13496",480,"1,38788",480,"4,09522",480,"6,28443",480,"2106,63779"
481,"7,32794",481,"2,47652",481,"1,48145",481,"6,68085",481,"1955,81758"
482,"6,36032",482,"3,96085",482,"0,16664",482,"5,05805",482,"1892,0645"
483,"1,77165",483,"1,66598",483,"-1,18113",483,"-3,84698",483,"1868,20133"
484,"7,95301",484,"0,8603",484,"-3,48215",484,"0,26003",484,"1776,21079"
485,"9,72398",485,"5,35389",485,"4,01888",485,"9,99173",485,"1731,80246"
486,"-2,00401",486,"4,99057",486,"-2,33281",486,"4,65695",486,"1624,72512"
487,"-0,15488",487,"6,58056",487,"-0,39136",487,"4,05262",487,"1585,56009"
488,"3,7441",488,"2,7659",488,"0,03987",488,"6,64218",488,"1513,27678"
489,"7,07598",489,"7,24819",489,"-0,71955",489,"8,14791",489,"1443,29075"
490,"2,44069",490,"3,47789",490,"1,45836",490,"8,9073",490,"1373,23632"
491,"4,82735",491,"7,56514",491,"4,71973",491,"6,31891",491,"1291,42316"
492,"7,95125",492,"1,36643",492,"3,10179",492,"8,63792",492,"1189,9315"
493,"9,31909",493,"-2,93398",493,"1,76565",493,"6,41995",493,"1124,23646"
494,"2,51843",494,"6,02036",494,"2,70421",494,"7,19429",494,"1041,12684"
495,"4,57413",495,"1,06857",495,"2,70789",495,"2,39765",495,"945,43274"
496,"7,88137",496,"-0,54568",496,"5,90608",496,"5,58874",496,"867,89287"
497,"3,76633",497,"5,12232",497,"0,87955",497,"8,84274",497,"790,52796"
498,"4,38978",498,"4,99378",498,"1,87181",498,"5,05831",498,"714,50576"
499,"12,0668",499,"10,18252",499,"7,80194",499,"13,23888",499,"658,54925"
500,"9,94948",500,"23,13813",500,"6,89324",500,"27,11629",500,"608,31492"
501,"1,27598",501,"10,68015",501,"-0,20895",501,"7,89377",501,"558,43053"
502,"0,69667",502,"4,10474",502,"1,76735",502,"8,86939",502,"515,04746"
503,"10,79055",503,"21,38553",503,"2,94646",503,"13,64292",503,"494,87819"
504,"2,97337",504,"15,93456",504,"3,10696",504,"15,61091",504,"458,64258"
505,"2,57889",505,"-0,74327",505,"4,13952",505,"10,65223",505,"405,91891"
506,"6,57819",506,"5,00754",506,"0,76568",506,"7,98522",506,"382,29896"
507,"4,49981",507,"3,52449",507,"-0,54492",507,"7,73822",507,"357,73531"
508,"3,65395",508,"1,76609",508,"0,26906",508,"5,67175",508,"322,04722"
509,"9,07668",509,"9,38784",509,"3,79739",509,"9,68283",509,"309,62971"
510,"1,68513",510,"6,79499",510,"-2,84539",510,"7,50648",510,"275,385"
511,"5,33125",511,"3,37041",511,"-0,5972",511,"2,74425",511,"258,96633"
512,"3,64573",512,"10,62205",512,"-2,0642",512,"8,77022",512,"231,63136"
513,"2,61593",513,"4,20076",513,"2,43437",513,"3,18335",513,"207,7484"
514,"8,25735",514,"8,45487",514,"5,93483",514,"8,2227",514,"201,15695"
515,"3,30439",515,"5,8828",515,"-0,90177",515,"4,90914",515,"167,13825"
516,"9,89169",516,"0,56946",516,"0,23552",516,"4,58133",516,"162,66063"
517,"6,54526",517,"11,31248",517,"0,57544",517,"14,18984",517,"148,37556"
518,"8,82521",518,"6,98342",518,"-1,64101",518,"14,79096",518,"147,06912"
519,"3,66824",519,"4,25162",519,"-0,00593",519,"11,41398",519,"126,19596"
520,"-13,84991",520,"4,32028",520,"-4,92121",520,"10,70367",520,"106,3271"
521,"2,74075",521,"3,70759",521,"0,82291",521,"15,61628",521,"100,83086"
522,"9,57079",522,"9,85628",522,"-0,01252",522,"14,60042",522,"104,61788"
523,"6,24589",523,"4,32807",523,"-0,31823",523,"20,17064",523,"87,22046"
524,"6,0642",524,"1,48016",524,"-3,84429",524,"15,60036",524,"79,92217"
525,"10,3385",525,"6,39434",525,"0,38928",525,"23,33639",525,"69,71133"
526,"6,29545",526,"6,3722",526,"-7,31401",526,"23,65477",526,"70,08697"
527,"5,95695",527,"12,34304",527,"1,88178",527,"24,11194",527,"58,66067"
528,"0,7931",528,"6,3577",528,"4,00457",528,"31,18288",528,"63,23924"
529,"5,57299",529,"4,68488",529,"4,82276",529,"28,40005",529,"50,41635"
530,"7,65959",530,"9,84227",530,"5,56032",530,"35,47464",530,"47,67149"
531,"4,91632",531,"4,2937",531,"-0,36942",531,"39,23133",531,"34,08611"
532,"7,61025",532,"9,20091",532,"3,26022",532,"55,17252",532,"53,54369"
533,"7,5922",533,"7,63849",533,"1,10597",533,"54,58274",533,"38,87927"
534,"8,57923",534,"9,17952",534,"3,71542",534,"58,92044",534,"28,91486"
535,"4,82626",535,"4,57967",535,"-0,1529",535,"72,65766",535,"27,35517"
536,"0,12195",536,"11,00183",536,"1,34484",536,"83,88233",536,"30,25565"
537,"9,85241",537,"6,28389",537,"2,09331",537,"103,82497",537,"21,92957"
538,"3,55878",538,"9,54304",538,"2,21528",538,"113,13226",538,"25,75134"
539,"2,98203",539,"8,68953",539,"0,52146",539,"138,45861",539,"21,61636"
540,"5,12711",540,"9,35201",540,"6,96243",540,"154,46062",540,"23,41836"
541,"6,40312",541,"11,36088",541,"2,15242",541,"176,5058",541,"19,40626"
542,"6,34676",542,"14,87725",542,"9,41691",542,"221,57386",542,"18,43296"
543,"1,72369",543,"17,46089",543,"-4,12296",543,"231,4699",543,"22,46107"
544,"8,83224",544,"17,8786",544,"4,2461",544,"275,22875",544,"16,19144"
545,"9,91476",545,"24,81388",545,"3,21902",545,"324,58224",545,"10,55022"
546,"5,22569",546,"21,81874",546,"7,27095",546,"385,66885",546,"12,10374"
547,"5,50293",547,"18,21686",547,"-3,41327",547,"442,58167",547,"9,80389"
548,"6,50736",548,"28,88349",548,"1,22528",548,"525,2894",548,"11,62101"
549,"9,39955",549,"37,97698",549,"2,51611",549,"623,47551",549,"13,90035"
550,"11,86629",550,"49,08312",550,"2,74648",550,"749,26984",550,"10,61899"
551,"6,01122",551,"51,27656",551,"2,10456",551,"885,62369",551,"8,20017"
552,"4,17287",552,"62,46629",552,"-1,1332",552,"1058,01385",552,"9,23088"
553,"4,37021",553,"81,94243",553,"4,31653",553,"1282,20062",553,"10,01816"
554,"3,68471",554,"97,93834",554,"3,33516",554,"1522,36915",554,"13,84061"
555,"6,6363",555,"113,54404",555,"6,0739",555,"1799,4741",555,"3,40099"
556,"4,66151",556,"122,56578",556,"4,60409",556,"1945,46579",556,"7,01858"
557,"6,28479",557,"147,94978",557,"5,76591",557,"2142,62031",557,"9,64584"
558,"10,52174",558,"173,89804",558,"5,56631",558,"2302,46051",558,"4,52462"
559,"7,1601",559,"209,77721",559,"5,28729",559,"2396,58424",559,"5,30278"
560,"3,91401",560,"234,04532",560,"2,04446",560,"2519,75344",560,"4,14822"
561,"6,73897",561,"281,23886",561,"-2,26665",561,"2590,90344",561,"3,44048"
562,"4,94743",562,"333,72464",562,"2,37105",562,"2619,45916",562,"0,0853"
563,"5,76921",563,"386,50492",563,"2,92704",563,"2595,16118",563,"8,66582"
564,"7,55242",564,"471,42547",564,"9,09727",564,"2585,17164",564,"10,28467"
565,"8,97079",565,"506,11594",565,"6,95792",565,"2600,64188",565,"3,96775"
566,"1,13835",566,"586,04971",566,"4,18742",566,"2649,36",566,"6,03332"
567,"9,49697",567,"686,29158",567,"-0,68185",567,"2660,35922",567,"3,17744"
568,"6,23172",568,"776,17405",568,"4,36472",568,"2645,55445",568,"2,23164"
569,"2,49985",569,"881,56116",569,"2,03715",569,"2573,97738",569,"2,12429"
570,"-0,99224",570,"1011,1811",570,"1,20136",570,"2463,94706",570,"7,93231"
571,"3,6764",571,"1157,08343",571,"1,15064",571,"2314,08763",571,"3,90448"
572,"8,28982",572,"1335,84366",572,"5,28899",572,"2207,46631",572,"0,62772"
573,"5,23145",573,"1529,93949",573,"1,01386",573,"2067,0657",573,"0,01966"
574,"3,0164",574,"1674,19722",574,"5,01056",574,"1908,00769",574,"-3,93134"
575,"7,71526",575,"1857,15564",575,"2,79106",575,"1768,62939",575,"7,53038"
576,"6,93363",576,"2031,64665",576,"4,86697",576,"1618,80072",576,"0,81019"
577,"5,08989",577,"2197,90891",577,"9,66982",577,"1519,89089",577,"5,07585"
578,"4,56128",578,"2328,15198",578,"6,70671",578,"1409,68235",578,"3,24509"
579,"5,98585",579,"2424,87648",579,"-0,14233",579,"1293,22728",579,"-0,64523"
580,"9,62919",580,"2538,46069",580,"1,19644",580,"1226,58139",580,"2,83022"
581,"8,68404",581,"2594,90994",581,"1,50647",581,"1171,50549",581,"4,08464"
582,"3,43215",582,"2654,68567",582,"3,95418",582,"1078,84591",582,"3,3729"
583,"3,56294",583,"2692,96243",583,"9,66831",583,"1031,06034",583,"1,80503"
584,"1,04196",584,"2761,53019",584,"4,2722",584,"952,93148",584,"-0,38719"
585,"9,38912",585,"2768,51993",585,"2,52071",585,"893,63503",585,"7,89849"
586,"5,95103",586,"2814,21523",586,"9,18461",586,"835,33213",586,"-0,03826"
587,"2,78989",587,"2852,07319",587,"6,07332",587,"769,36839",587,"1,47639"
588,"0,44348",588,"2836,84086",588,"11,74632",588,"695,58675",588,"0,60397"
589,"9,23889",589,"2828,25837",589,"10,24049",589,"660,46723",589,"1,30601"
590,"4,0434",590,"2783,9818",590,"11,51197",590,"610,06444",590,"6,38636"
591,"4,05961",591,"2727,11585",591,"8,73712",591,"551,22439",591,"2,6702"
592,"3,7147",592,"2620,98597",592,"19,9304",592,"518,00793",592,"6,05296"
593,"5,88988",593,"2558,44823",593,"18,2972",593,"489,03684",593,"2,04047"
594,"3,36211",594,"2462,60767",594,"17,67977",594,"439,06748",594,"2,57142"
595,"-2,88202",595,"2349,0498",595,"21,76537",595,"425,86771",595,"0,39897"
596,"9,63484",596,"2260,59191",596,"26,11747",596,"381,80363",596,"4,59472"
597,"9,11392",597,"2165,5035",597,"32,28999",597,"362,83176",597,"-18,32066"
598,"9,72672",598,"2048,99435",598,"46,85312",598,"337,72026",598,"3,88938"
599,"-2,22751",599,"1937,54648",599,"45,87963",599,"301,13283",599,"-0,73114"
600,"7,26511",600,"1850,14827",600,"49,25901",600,"299,44404",600,"5,15791"
601,"4,33883",601,"1775,55418",601,"54,7342",601,"254,27863",601,"2,98038"
602,"12,36469",602,"1642,92924",602,"62,53168",602,"237,31077",602,"4,90533"
603,"6,07917",603,"1562,72989",603,"83,4339",603,"209,96174",603,"2,67268"
604,"10,84939",604,"1468,92367",604,"89,38082",604,"212,94453",604,"3,33579"
605,"1,11022",605,"1376,10294",605,"112,1858",605,"185,81772",605,"0,99271"
606,"4,53486",606,"1323,24259",606,"129,12131",606,"169,50414",606,"-1,47588"
607,"7,86259",607,"1248,86744",607,"147,55612",607,"166,68876",607,"6,1"
608,"4,31581",608,"1154,02616",608,"170,04175",608,"142,24702",608,"4,09894"
609,"2,65507",609,"1105,34398",609,"201,36551",609,"133,3389",609,"6,21327"
610,"6,03886",610,"1019,05672",610,"234,59253",610,"129,25053",610,"-1,49974"
611,"1,97904",611,"969,37549",611,"259,46845",611,"119,58586",611,"0,38761"
612,"0,26692",612,"879,88034",612,"297,77462",612,"108,85445",612,"1,49993"
613,"8,45542",613,"834,37609",613,"346,47574",613,"110,49782",613,"3,47481"
614,"23,05544",614,"821,76383",614,"403,82992",614,"156,97114",614,"19,32896"
615,"6,0745",615,"724,5037",615,"450,39311",615,"88,73169",615,"2,8903"
616,"-0,95367",616,"682,6974",616,"508,1018",616,"88,20601",616,"4,70524"
617,"4,46411",617,"632,34317",617,"561,53382",617,"73,22331",617,"3,21008"
618,"11,21004",618,"610,81497",618,"644,10919",618,"83,60938",618,"8,92285"
619,"3,81251",619,"565,61005",619,"700,80387",619,"64,52328",619,"4,25798"
620,"2,97058",620,"510,13855",620,"790,31481",620,"59,79095",620,"-0,8035"
621,"2,93588",621,"500,22654",621,"878,54619",621,"67,82809",621,"1,21566"
622,"8,0204",622,"469,72302",622,"952,82228",622,"60,9806",622,"1,00406"
623,"6,7587",623,"440,60262",623,"1057,6485",623,"53,29006",623,"5,74104"
624,"3,69917",624,"404,87052",624,"1146,49192",624,"53,49187",624,"2,27707"
625,"11,72961",625,"379,37116",625,"1280,44532",625,"51,9573",625,"7,92245"
626,"3,37073",626,"348,61689",626,"1368,26666",626,"46,97817",626,"5,91274"
627,"16,45417",627,"356,45437",627,"1499,3414",627,"66,23454",627,"9,94964"
628,"7,734",628,"316,0499",628,"1625,78911",628,"50,99808",628,"9,23028"
629,"10,21382",629,"286,41785",629,"1717,62847",629,"41,07488",629,"7,21375"
630,"7,33654",630,"283,96547",630,"1839,13829",630,"35,45888",630,"6,95559"
631,"13,83554",631,"255,98623",631,"1971,1389",631,"38,29819",631,"8,04489"
632,"4,223",632,"238,32071",632,"2049,08937",632,"42,01065",632,"9,12285"
633,"8,88481",633,"237,40744",633,"2153,34886",633,"34,90218",633,"6,1472"
634,"9,53063",634,"207,3977",634,"2231,6165",634,"37,51077",634,"9,91548"
635,"16,36824",635,"207,86667",635,"2377,2471",635,"32,53814",635,"11,19737"
636,"12,8651",636,"194,85773",636,"2447,08055",636,"32,5389",636,"7,2565"
637,"13,36825",637,"179,58905",637,"2498,06238",637,"30,60457",637,"14,79192"
638,"11,77771",638,"177,14972",638,"2581,11834",638,"27,99401",638,"18,98197"
639,"8,77891",639,"165,86283",639,"2612,63446",639,"31,10037",639,"15,33474"
640,"14,87671",640,"149,82109",640,"2669,60674",640,"26,3931",640,"11,29008"
641,"13,16545",641,"143,84042",641,"2726,82489",641,"23,99092",641,"15,43713"
642,"10,82229",642,"134,44415",642,"2698,97882",642,"21,41149",642,"9,86332"
643,"8,71884",643,"127,44853",643,"2737,393",643,"24,86116",643,"9,60485"
644,"15,0657",644,"124,33092",644,"2715,62757",644,"24,89726",644,"15,07073"
645,"17,15327",645,"118,35342",645,"2704,69777",645,"30,68691",645,"16,30138"
646,"20,22608",646,"117,1211",646,"2727,58023",646,"35,55515",646,"22,68477"
647,"16,68626",647,"96,69015",647,"2678,74396",647,"24,67644",647,"16,99125"
648,"9,23784",648,"86,20252",648,"2609,90676",648,"17,51231",648,"15,91258"
649,"18,78421",649,"88,20826",649,"2584,23087",649,"18,82062",649,"12,32997"
650,"10,87738",650,"84,46955",650,"2542,18609",650,"19,69181",650,"15,40923"
651,"13,67919",651,"75,89592",651,"2445,56753",651,"21,79635",651,"18,05408"
652,"10,63344",652,"73,68944",652,"2404,69861",652,"20,68761",652,"19,97422"
653,"17,94184",653,"77,23174",653,"2317,73969",653,"22,8144",653,"17,8988"
654,"14,33097",654,"71,23625",654,"2224,30511",654,"23,43319",654,"20,82113"
655,"11,29913",655,"67,9151",655,"2164,97065",655,"15,56755",655,"17,42254"
656,"8,14224",656,"63,01508",656,"2086,02725",656,"11,08305",656,"19,39878"
657,"11,61169",657,"67,20961",657,"1990,91086",657,"15,50583",657,"16,76002"
658,"13,81994",658,"66,66019",658,"1907,60228",658,"18,31079",658,"15,31035"
659,"9,26946",659,"55,27462",659,"1851,14948",659,"17,27343",659,"18,64711"
660,"11,54269",660,"60,48202",660,"1744,68759",660,"23,73625",660,"15,89068"
661,"19,87687",661,"55,68055",661,"1661,41385",661,"18,50932",661,"15,9614"
662,"11,43137",662,"51,39605",662,"1582,84127",662,"20,15157",662,"18,90767"
663,"18,59053",663,"49,92456",663,"1489,87395",663,"23,01654",663,"17,92346"
664,"12,58403",664,"47,36226",664,"1411,80836",664,"18,09169",664,"19,6641"
665,"17,82144",665,"41,37842",665,"1327,11255",665,"16,55307",665,"14,4181"
666,"13,91822",666,"44,61208",666,"1280,6574",666,"14,12465",666,"19,1869"
667,"8,02059",667,"38,16328",667,"1228,92628",667,"17,79171",667,"14,26725"
668,"10,83569",668,"36,77435",668,"1136,12257",668,"17,202",668,"16,24641"
669,"13,0059",669,"45,50704",669,"1075,35522",669,"16,15922",669,"24,39554"
670,"10,92444",670,"37,1205",670,"993,52811",670,"18,39005",670,"17,16034"
671,"15,96749",671,"30,31242",671,"945,95247",671,"16,57286",671,"14,88947"
672,"7,00145",672,"27,92566",672,"903,73903",672,"13,61975",672,"21,1753"
673,"21,72367",673,"28,25239",673,"842,20322",673,"19,65465",673,"23,78466"
674,"11,20721",674,"35,50535",674,"777,37494",674,"21,57528",674,"16,89519"
675,"16,42679",675,"32,18007",675,"729,3556",675,"10,83537",675,"18,40244"
676,"5,35278",676,"27,71266",676,"688,88134",676,"15,60939",676,"16,05252"
677,"10,44908",677,"33,2835",677,"651,00416",677,"14,16064",677,"18,81637"
678,"13,62587",678,"33,12311",678,"614,10138",678,"23,9477",678,"16,72548"
679,"11,24158",679,"26,57751",679,"576,27252",679,"17,72557",679,"19,8901"
680,"16,41544",680,"22,99706",680,"552,71266",680,"13,66681",680,"18,02109"
681,"16,30706",681,"31,5511",681,"493,96818",681,"24,5943",681,"24,13507"
682,"9,95588",682,"23,3589",682,"470,10755",682,"21,63571",682,"17,94547"
683,"14,91866",683,"25,70815",683,"438,5128",683,"15,2164",683,"16,39253"
684,"13,49555",684,"20,02038",684,"408,2306",684,"17,62101",684,"23,31689"
685,"10,63853",685,"16,57495",685,"376,65612",685,"18,22503",685,"14,54003"
686,"11,51153",686,"20,14204",686,"363,58765",686,"17,83355",686,"16,93904"
687,"10,68748",687,"19,60826",687,"347,93623",687,"16,68978",687,"11,22595"
688,"12,75908",688,"21,14948",688,"315,77557",688,"14,96847",688,"13,5537"
689,"16,01225",689,"19,11217",689,"295,54658",689,"20,11067",689,"15,81332"
690,"12,015",690,"18,22156",690,"277,27041",690,"14,2286",690,"14,75745"
691,"12,9231",691,"14,17613",691,"251,48344",691,"8,06511",691,"11,70825"
692,"15,36812",692,"14,11649",692,"251,64414",692,"15,017",692,"15,39482"
693,"16,40368",693,"16,82747",693,"228,72227",693,"15,34265",693,"18,93016"
694,"11,94108",694,"19,08772",694,"216,60163",694,"12,83351",694,"16,09933"
695,"11,87099",695,"17,39757",695,"203,90744",695,"18,77673",695,"16,03005"
696,"12,83352",696,"15,63377",696,"185,7095",696,"12,62098",696,"15,85534"
697,"8,85564",697,"16,25247",697,"172,79206",697,"10,43871",697,"18,69403"
698,"11,62278",698,"22,22045",698,"156,06572",698,"17,46637",698,"13,58974"
699,"12,82877",699,"17,97014",699,"152,17915",699,"18,77618",699,"17,43176"
700,"14,73289",700,"21,42917",700,"143,32985",700,"13,16641",700,"16,35899"
701,"15,94871",701,"20,41162",701,"125,2874",701,"20,07975",701,"18,51141"
702,"9,04671",702,"14,5813",702,"124,62522",702,"16,04821",702,"20,73007"
703,"15,38105",703,"15,53319",703,"117,68961",703,"18,3016",703,"22,14168"
704,"18,83424",704,"22,26913",704,"100,16592",704,"15,25288",704,"16,57289"
705,"14,01287",705,"18,7714",705,"97,55941",705,"18,57679",705,"14,40085"
706,"21,78744",706,"23,39821",706,"98,29488",706,"15,10658",706,"14,6282"
707,"15,83939",707,"17,13809",707,"90,38439",707,"18,77701",707,"16,87055"
708,"17,33174",708,"20,40354",708,"84,00629",708,"14,32664",708,"21,21937"
709,"15,33108",709,"19,28956",709,"75,55115",709,"17,77709",709,"16,58723"
710,"9,84919",710,"17,35932",710,"74,24544",710,"22,35051",710,"23,5974"
711,"12,97011",711,"18,36298",711,"68,03767",711,"17,66358",711,"21,92316"
712,"19,00651",712,"21,96962",712,"64,6964",712,"12,89312",712,"25,11858"
713,"15,44323",713,"25,1966",713,"62,24306",713,"28,21192",713,"23,07839"
714,"14,44603",714,"16,84677",714,"69,61829",714,"17,1851",714,"24,18017"
715,"10,94439",715,"17,87562",715,"54,48782",715,"17,84792",715,"17,51545"
716,"10,42644",716,"17,75523",716,"53,37742",716,"15,18167",716,"20,15225"
717,"13,58086",717,"12,49325",717,"47,17907",717,"9,21657",717,"23,62463"
718,"11,86203",718,"19,34329",718,"44,81749",718,"20,99799",718,"20,38411"
719,"14,93752",719,"13,41125",719,"46,27053",719,"13,49795",719,"15,83514"
720,"17,1247",720,"22,52973",720,"42,44364",720,"29,32457",720,"15,67214"
721,"15,05683",721,"13,31947",721,"38,58721",721,"16,35821",721,"16,69512"
722,"17,29982",722,"13,38203",722,"35,57778",722,"13,75012",722,"14,95971"
723,"20,8725",723,"14,27679",723,"30,0926",723,"15,63529",723,"20,6693"
724,"18,17582",724,"16,63798",724,"34,51615",724,"26,00505",724,"21,20765"
725,"16,02636",725,"18,72826",725,"35,26112",725,"21,48992",725,"17,69781"
726,"14,90626",726,"15,95224",726,"26,12509",726,"14,81465",726,"20,83416"
727,"17,08346",727,"9,10495",727,"19,75504",727,"10,26015",727,"18,21647"
728,"12,65048",728,"17,20898",728,"24,53798",728,"14,50244",728,"20,60801"
729,"17,97195",729,"14,67976",729,"27,01252",729,"11,29975",729,"21,52132"
730,"15,87789",730,"17,11509",730,"22,73779",730,"13,74639",730,"18,66216"
731,"19,94658",731,"16,35558",731,"21,97844",731,"15,54053",731,"21,20902"
732,"14,49077",732,"13,58319",732,"21,31199",732,"14,1795",732,"13,73769"
733,"15,46548",733,"11,49694",733,"25,07227",733,"10,19491",733,"21,40245"
734,"19,6973",734,"18,09208",734,"20,80342",734,"14,55408",734,"23,6653"
735,"22,94024",735,"12,44846",735,"14,32831",735,"17,8301",735,"19,12396"
736,"17,95392",736,"13,41606",736,"17,08976",736,"23,70596",736,"24,92043"
737,"19,00281",737,"20,32871",737,"12,11097",737,"15,6362",737,"20,9226"
738,"23,80097",738,"19,30901",738,"18,19536",738,"16,57417",738,"24,73617"
739,"18,84125",739,"17,24318",739,"21,02068",739,"11,32995",739,"21,73227"
740,"21,05778",740,"13,20639",740,"15,25372",740,"15,25509",740,"22,92112"
741,"18,77227",741,"21,54706",741,"15,5894",741,"12,6349",741,"6,45782"
742,"18,39766",742,"12,50456",742,"12,09466",742,"13,57952",742,"19,76807"
743,"15,56816",743,"19,17504",743,"11,53288",743,"12,53076",743,"22,8766"
744,"20,25411",744,"19,55476",744,"9,99326",744,"13,5088",744,"23,72812"
745,"17,88124",745,"11,06574",745,"10,23908",745,"11,30676",745,"21,67455"
746,"19,50152",746,"16,49945",746,"5,46868",746,"17,86238",746,"24,71507"
747,"14,97815",747,"16,69061",747,"11,92119",747,"14,40104",747,"16,38233"
748,"20,10656",748,"16,21069",748,"12,03075",748,"15,46643",748,"25,35984"
749,"20,61371",749,"25,29271",749,"13,39011",749,"19,31431",749,"18,71967"
750,"18,15003",750,"15,34988",750,"4,27389",750,"16,57931",750,"21,74614"
751,"18,86779",751,"17,57892",751,"13,25927",751,"10,80878",751,"19,84266"
752,"24,29548",752,"17,02366",752,"13,87924",752,"19,51613",752,"25,97858"
753,"21,17138",753,"16,50886",753,"6,12756",753,"17,43322",753,"17,73894"
754,"21,74277",754,"15,75755",754,"9,67568",754,"12,87329",754,"16,25641"
755,"20,6746",755,"11,79162",755,"7,61073",755,"9,99883",755,"18,57701"
756,"13,79841",756,"11,2085",756,"10,40149",756,"12,53702",756,"20,48404"
757,"18,31027",757,"15,1781",757,"9,83359",757,"20,46183",757,"23,81144"
758,"15,40902",758,"14,05297",758,"12,67944",758,"14,81759",758,"19,40314"
759,"12,71369",759,"14,60541",759,"6,70231",759,"9,56217",759,"14,913"
760,"9,7255",760,"15,58699",760,"6,60949",760,"11,09654",760,"15,27701"
761,"7,43534",761,"10,02104",761,"8,04301",761,"7,15815",761,"6,35267"
762,"8,50314",762,"10,72375",762,"7,01848",762,"5,91356",762,"6,19877"
763,"5,3642",763,"9,76425",763,"4,52125",763,"9,08938",763,"7,56785"
764,"10,01741",764,"13,7713",764,"7,59899",764,"12,19396",764,"9,47867"
765,"14,04877",765,"6,09254",765,"7,56562",765,"11,94634",765,"7,19042"
766,"9,95419",766,"6,2668",766,"6,81719",766,"4,13975",766,"10,87232"
767,"11,55725",767,"11,72634",767,"3,52877",767,"9,12235",767,"10,30323"
768,"15,49631",768,"12,62568",768,"15,0348",768,"17,42438",768,"17,19993"
769,"15,98326",769,"17,24842",769,"9,41909",769,"13,32709",769,"13,0136"
770,"10,97782",770,"10,38647",770,"1,89563",770,"12,66222",770,"9,95991"
771,"16,58225",771,"12,29333",771,"8,95228",771,"10,59701",771,"14,80492"
772,"13,02604",772,"13,36323",772,"9,08072",772,"21,73888",772,"16,0387"
773,"16,98604",773,"10,39406",773,"8,10155",773,"15,65416",773,"14,97622"
774,"13,02769",774,"10,46052",774,"9,09736",774,"14,65989",774,"21,99257"
775,"17,8573",775,"23,45958",775,"6,2563",775,"13,86919",775,"19,02068"
776,"20,81368",776,"21,16865",776,"14,03702",776,"17,06058",776,"19,74367"
777,"11,02488",777,"12,563",777,"6,42063",777,"10,03408",777,"15,27565"
778,"12,1891",778,"7,08541",778,"7,90513",778,"14,8188",778,"15,60211"
779,"21,20029",779,"13,17911",779,"6,03947",779,"20,72523",779,"18,91599"
780,"12,05313",780,"9,01251",780,"6,61904",780,"14,55066",780,"13,84776"
781,"9,88527",781,"9,53993",781,"5,98942",781,"8,46211",781,"18,00098"
782,"17,87561",782,"8,75166",782,"2,77354",782,"17,54",782,"9,69516"
783,"13,8476",783,"13,0972",783,"9,1685",783,"15,23061",783,"15,47212"
784,"12,54872",784,"14,07153",784,"5,10647",784,"7,55456",784,"13,59678"
785,"11,32441",785,"12,5492",785,"3,8277",785,"12,96704",785,"15,77067"
786,"18,66043",786,"14,0364",786,"6,4121",786,"9,85202",786,"13,27403"
787,"14,45181",787,"11,0691",787,"0,78643",787,"13,33715",787,"15,75049"
788,"15,13042",788,"12,47728",788,"3,84903",788,"12,43443",788,"10,64105"
789,"11,14972",789,"11,09178",789,"7,4386",789,"10,10564",789,"12,46995"
790,"13,3619",790,"10,34887",790,"3,99782",790,"15,5912",790,"11,74211"
791,"14,28224",791,"16,02239",791,"5,21284",791,"13,47991",791,"14,31166"
792,"15,42539",792,"15,28158",792,"5,4397",792,"12,26872",792,"11,72236"
793,"8,36825",793,"9,95063",793,"4,65277",793,"6,75774",793,"17,61444"
794,"7,18266",794,"10,78619",794,"4,96905",794,"14,33899",794,"10,63866"
795,"10,71238",795,"6,7",795,"7,0042",795,"13,47921",795,"14,24317"
796,"10,74377",796,"6,9992",796,"-1,36768",796,"7,73213",796,"4,86017"
797,"5,76561",797,"9,1207",797,"5,57191",797,"8,54416",797,"16,45898"
798,"9,91923",798,"24,3568",798,"8,97212",798,"26,57701",798,"14,97257"
799,"9,86452",799,"13,99286",799,"-0,08299",799,"14,3021",799,"17,92768"
800,"14,80771",800,"8,15053",800,"5,20138",800,"11,55598",800,"5,77418"
801,"13,1669",801,"14,08102",801,"4,54769",801,"12,44266",801,"16,31789"
802,"10,16975",802,"14,5165",802,"4,33458",802,"11,58061",802,"10,8827"
803,"8,67853",803,"12,14077",803,"5,57064",803,"9,9504",803,"7,46614"
804,"13,64934",804,"5,9341",804,"7,98067",804,"13,95352",804,"13,94887"
805,"10,59119",805,"7,01124",805,"4,2961",805,"13,33575",805,"13,56137"
806,"15,56842",806,"12,5843",806,"0,64888",806,"16,19215",806,"11,00043"
807,"10,78794",807,"11,92318",807,"6,90498",807,"6,98329",807,"13,71132"
808,"13,02042",808,"15,56157",808,"6,04515",808,"13,44104",808,"16,58736"
809,"9,24018",809,"5,22055",809,"4,43631",809,"11,27155",809,"16,96507"
810,"10,75128",810,"10,46849",810,"1,72446",810,"5,83202",810,"9,75108"
811,"7,17784",811,"10,68779",811,"7,38362",811,"15,00317",811,"15,83625"
812,"12,02709",812,"10,44539",812,"1,8715",812,"15,2289",812,"11,89814"
813,"8,99389",813,"12,33288",813,"3,09456",813,"13,64042",813,"14,91877"
814,"8,58253",814,"6,10723",814,"-1,48348",814,"18,43175",814,"14,22976"
815,"7,9744",815,"8,22529",815,"6,45993",815,"7,46734",815,"11,98474"
816,"5,05212",816,"11,19044",816,"0,06167",816,"10,30253",816,"7,46614"
817,"5,5149",817,"5,73032",817,"1,68012",817,"13,37556",817,"6,8227"
818,"8,87404",818,"14,55499",818,"5,16776",818,"11,64389",818,"6,13305"
819,"19,65204",819,"40,69867",819,"15,16334",819,"38,46161",819,"22,90987"
820,"10,61484",820,"8,70848",820,"5,13897",820,"9,51585",820,"11,04905"
821,"10,1107",821,"12,36922",821,"4,27606",821,"8,83788",821,"7,85823"
822,"12,16609",822,"13,69923",822,"5,45309",822,"11,8263",822,"5,38604"
823,"0,32876",823,"9,78374",823,"-0,86038",823,"12,62554",823,"8,1761"
824,"4,84159",824,"11,63121",824,"2,94007",824,"14,50057",824,"9,97492"
825,"6,849",825,"1,24",825,"7,08222",825,"9,56976",825,"8,93655"
826,"10,1808",826,"10,63608",826,"4,08738",826,"16,47948",826,"6,86462"
827,"7,60027",827,"5,03827",827,"4,22299",827,"8,42009",827,"4,87152"
828,"12,36103",828,"12,1368",828,"7,39996",828,"12,23377",828,"10,00255"
829,"6,45716",829,"10,17275",829,"4,93497",829,"6,62882",829,"5,42238"
830,"10,49803",830,"10,66847",830,"-4,69825",830,"9,72472",830,"10,53094"
831,"10,25603",831,"12,10761",831,"4,79041",831,"14,26649",831,"12,17859"
832,"6,87167",832,"10,23508",832,"2,93189",832,"14,4704",832,"12,28578"
833,"11,10365",833,"8,18252",833,"6,70905",833,"11,47389",833,"2,52136"
834,"10,62307",834,"11,95467",834,"6,38479",834,"13,65629",834,"4,13302"
835,"6,84551",835,"14,16282",835,"2,15952",835,"3,00416",835,"8,97211"
836,"6,37416",836,"8,33344",836,"4,75343",836,"9,52215",836,"5,14874"
837,"9,02367",837,"6,69962",837,"-0,12962",837,"6,98287",837,"7,30619"
838,"12,0037",838,"9,00541",838,"3,38832",838,"11,95869",838,"3,38748"
839,"2,09585",839,"9,42696",839,"4,52445",839,"17,13923",839,"7,13639"
840,"7,6855",840,"17,27216",840,"3,02047",840,"9,71361",840,"7,63298"
841,"2,97464",841,"6,9416",841,"3,38567",841,"13,76808",841,"3,48808"
842,"8,49185",842,"7,25595",842,"3,02775",842,"8,64206",842,"6,85129"
843,"4,76853",843,"10,09436",843,"3,94101",843,"10,3936",843,"7,86707"
844,"6,18812",844,"10,15569",844,"5,39458",844,"12,73158",844,"9,89374"
845,"7,94364",845,"5,97616",845,"6,81037",845,"3,66228",845,"7,76974"
846,"8,6655",846,"15,65656",846,"3,08925",846,"10,13228",846,"9,11386"
847,"7,55218",847,"12,34258",847,"1,20818",847,"11,19554",847,"8,99453"
848,"7,67278",848,"11,13176",848,"5,41706",848,"10,54961",848,"3,69887"
849,"6,23979",849,"11,48103",849,"1,64545",849,"7,9783",849,"8,81013"
850,"3,15009",850,"7,24212",850,"1,39191",850,"12,11622",850,"4,39385"
851,"5,95585",851,"11,3322",851,"6,09027",851,"8,66233",851,"0,96651"
852,"5,24038",852,"7,36443",852,"2,82786",852,"7,08377",852,"5,27518"
853,"9,56502",853,"9,21429",853,"2,63912",853,"10,07974",853,"5,43153"
854,"8,30655",854,"9,35407",854,"4,66661",854,"10,00887",854,"9,36312"
855,"4,61979",855,"5,64894",855,"1,68646",855,"7,93195",855,"-8,07887"
856,"16,88757",856,"9,51641",856,"1,09919",856,"12,09219",856,"6,7385"
857,"5,34701",857,"7,21906",857,"-1,04527",857,"5,13443",857,"7,15419"
858,"9,93815",858,"11,32836",858,"4,16531",858,"10,80312",858,"5,0501"
859,"5,78888",859,"4,32715",859,"0,28087",859,"12,60971",859,"3,97621"
860,"8,05075",860,"6,65491",860,"4,29145",860,"11,77724",860,"2,36682"
861,"5,87575",861,"6,47257",861,"0,40037",861,"8,46254",861,"7,47633"
862,"4,86704",862,"16,48289",862,"4,73193",862,"12,49411",862,"8,27988"
863,"6,10401",863,"15,23499",863,"-0,11206",863,"16,59041",863,"8,92304"
864,"2,56403",864,"11,21338",864,"0,48623",864,"5,84743",864,"5,2598"
865,"4,94874",865,"6,23564",865,"1,19147",865,"6,77763",865,"8,8068"
866,"12,07549",866,"0,3848",866,"1,30127",866,"5,84983",866,"5,03861"
867,"5,47605",867,"11,67702",867,"4,60085",867,"9,01181",867,"4,95585"
868,"1,30429",868,"10,80854",868,"-0,56191",868,"8,28165",868,"4,59873"
869,"5,60467",869,"13,1616",869,"4,07677",869,"15,52542",869,"6,03536"
870,"5,44199",870,"7,83433",870,"4,69813",870,"7,84074",870,"10,32445"
871,"5,99092",871,"7,38379",871,"2,10794",871,"14,6765",871,"4,96161"
872,"5,78793",872,"8,20303",872,"5,50769",872,"11,89676",872,"5,27235"
873,"6,3626",873,"15,23654",873,"3,34689",873,"6,86866",873,"5,17752"
874,"7,46075",874,"23,60405",874,"7,17205",874,"26,64322",874,"12,02196"
875,"4,54745",875,"6,87723",875,"1,93888",875,"10,37842",875,"3,51835"
876,"3,38138",876,"8,1887",876,"3,39069",876,"10,15905",876,"7,11179"
877,"2,93502",877,"10,25416",877,"2,05034",877,"6,57541",877,"4,87341"
878,"4,90433",878,"1,40159",878,"4,20799",878,"9,37466",878,"5,28967"
879,"14,12631",879,"22,51942",879,"6,50373",879,"27,31228",879,"12,46444"
880,"8,49768",880,"12,74586",880,"3,09023",880,"5,77469",880,"10,18491"
881,"7,31432",881,"8,11349",881,"-3,12532",881,"11,8578",881,"5,12764"
882,"6,52717",882,"8,8923",882,"1,68728",882,"12,6872",882,"8,2116"
883,"0,49332",883,"7,86331",883,"-0,07077",883,"8,44824",883,"4,47697"
884,"4,19327",884,"11,9296",884,"0,11307",884,"9,81806",884,"7,88152"
885,"8,63645",885,"9,30999",885,"-0,92921",885,"12,11133",885,"2,58495"
886,"8,23267",886,"17,148",886,"5,90578",886,"19,53569",886,"5,69579"
887,"5,51738",887,"8,49336",887,"5,94311",887,"-2,55535",887,"6,713"
888,"9,03966",888,"37,62108",888,"3,1609",888,"34,82025",888,"14,88183"
889,"8,45483",889,"14,36836",889,"0,92006",889,"20,95253",889,"6,41412"
890,"4,51305",890,"7,87833",890,"4,37924",890,"10,03848",890,"2,1264"
891,"5,25751",891,"8,29614",891,"4,12934",891,"11,75663",891,"5,73481"
892,"5,24331",892,"5,35747",892,"6,31547",892,"6,98229",892,"0,59114"
893,"6,06488",893,"9,36411",893,"6,16844",893,"6,5652",893,"-0,19108"
894,"4,67253",894,"9,30865",894,"3,42537",894,"12,61565",894,"4,74351"
895,"6,13765",895,"7,25172",895,"-0,60124",895,"11,00478",895,"7,24919"
896,"4,32874",896,"4,00282",896,"5,53829",896,"18,65305",896,"4,79974"
897,"4,03619",897,"8,21257",897,"-0,58882",897,"9,19991",897,"-3,84991"
898,"6,38636",898,"16,67192",898,"0,83855",898,"17,55409",898,"8,69003"
899,"2,27806",899,"4,34548",899,"0,05235",899,"2,73517",899,"2,79901"
900,"2,66934",900,"13,34891",900,"3,1193",900,"7,87856",900,"8,21446"
901,"1,40565",901,"8,23901",901,"0,408",901,"11,37355",901,"5,34009"
902,"8,13806",902,"8,70874",902,"2,88195",902,"7,74339",902,"1,65812"
903,"3,07349",903,"6,57855",903,"3,59706",903,"1,50293",903,"3,18411"
904,"6,43963",904,"12,82643",904,"2,77804",904,"15,79917",904,"7,08174"
905,"6,63002",905,"10,81096",905,"0,90398",905,"12,67288",905,"3,26807"
906,"5,23688",906,"3,86552",906,"1,21123",906,"9,66522",906,"14,13197"
907,"4,98042",907,"7,45602",907,"2,14411",907,"14,62256",907,"2,93142"
908,"2,69943",908,"9,62771",908,"-0,37457",908,"4,64585",908,"5,36104"
909,"-0,00041",909,"7,50817",909,"1,11057",909,"12,67259",909,"3,80775"
910,"9,49605",910,"21,24278",910,"9,04791",910,"21,57172",910,"9,60875"
911,"8,18098",911,"7,6953",911,"3,3626",911,"16,08738",911,"3,77839"
912,"12,99964",912,"59,56957",912,"15,05331",912,"56,55538",912,"18,98584"
913,"6,09542",913,"2,52915",913,"4,66556",913,"8,82819",913,"3,86084"
914,"5,50036",914,"6,08466",914,"1,46292",914,"5,57179",914,"7,28702"
915,"11,40796",915,"17,38302",915,"6,12529",915,"22,55514",915,"6,97877"
916,"5,84724",916,"5,8624",916,"-0,43925",916,"5,74255",916,"4,36536"
917,"8,25272",917,"4,72648",917,"1,06355",917,"11,43277",917,"6,20848"
918,"2,76063",918,"5,40283",918,"2,00791",918,"8,1315",918,"2,88929"
919,"8,43876",919,"18,76029",919,"5,67278",919,"17,92605",919,"8,29468"
920,"2,6987",920,"1,63082",920,"5,58838",920,"10,48913",920,"9,39151"
921,"7,5243",921,"5,76827",921,"8,40344",921,"8,15647",921,"1,73745"
922,"10,13978",922,"9,81568",922,"2,08613",922,"15,18488",922,"3,56671"
923,"4,94289",923,"6,5383",923,"1,41762",923,"14,38211",923,"1,92238"
924,"5,80677",924,"1,41914",924,"1,21818",924,"4,88282",924,"0,37571"
925,"2,15354",925,"4,85537",925,"-3,08932",925,"12,64881",925,"-0,31252"
926,"0,42241",926,"11,25895",926,"1,05703",926,"10,76803",926,"3,50019"
927,"2,81381",927,"3,60891",927,"-2,90809",927,"11,85868",927,"9,68325"
928,"5,51462",928,"5,57555",928,"8,1869",928,"12,61304",928,"1,28883"
929,"0,9716",929,"7,96327",929,"3,01274",929,"5,33431",929,"1,95966"
930,"5,1387",930,"12,03631",930,"2,78585",930,"12,43141",930,"11,22886"
931,"0,04408",931,"6,36664",931,"-2,91876",931,"6,56405",931,"6,00662"
932,"-0,85185",932,"6,86269",932,"2,95405",932,"8,98477",932,"5,85901"
933,"1,58755",933,"2,31709",933,"-0,29437",933,"8,27462",933,"6,56275"
934,"3,69517",934,"10,04551",934,"-0,1553",934,"8,67365",934,"1,7224"
935,"1,90644",935,"3,49551",935,"2,02556",935,"12,59832",935,"-0,63654"
936,"5,48418",936,"5,88571",936,"2,19263",936,"10,21267",936,"-1,17784"
937,"11,62419",937,"22,68829",937,"6,2513",937,"28,11419",937,"8,6282"
938,"4,81453",938,"3,16544",938,"7,97596",938,"15,23762",938,"0,60312"
939,"0,74677",939,"5,25973",939,"2,40872",939,"11,6157",939,"5,16161"
940,"3,87987",940,"4,92193",940,"0,08675",940,"8,66258",940,"1,9597"
941,"4,65538",941,"9,40531",941,"-1,06529",941,"9,37226",941,"7,45492"
942,"-2,04065",942,"8,39109",942,"-3,88009",942,"12,0361",942,"-0,07215"
943,"3,3957",943,"4,23346",943,"1,25575",943,"11,85231",943,"4,95834"
944,"3,80593",944,"5,35416",944,"-3,19774",944,"12,65393",944,"4,28442"
945,"6,88411",945,"3,26808",945,"2,28123",945,"8,44264",945,"1,47152"
946,"8,04938",946,"-2,72226",946,"-9,38205",946,"2,70768",946,"4,13733"
947,"-0,29069",947,"2,97942",947,"-0,85314",947,"2,86078",947,"-0,57503"
948,"-0,71943",948,"8,65422",948,"5,71467",948,"7,96651",948,"3,84902"
949,"7,24622",949,"12,95629",949,"3,45997",949,"19,24037",949,"15,24103"
950,"1,53979",950,"2,82887",950,"2,09277",950,"9,94357",950,"3,40252"
951,"0,16155",951,"12,25258",951,"1,01126",951,"8,10791",951,"2,06291"
952,"4,9255",952,"6,3759",952,"1,06872",952,"9,71592",952,"-0,08111"
953,"6,71393",953,"7,61567",953,"0,26709",953,"11,94573",953,"6,55378"
954,"0,02854",954,"5,38967",954,"-0,5875",954,"10,27585",954,"2,20819"
955,"0,99105",955,"5,07554",955,"0,95613",955,"12,76073",955,"2,1205"
956,"4,25362",956,"7,07902",956,"2,26396",956,"12,20961",956,"3,23052"
957,"7,00642",957,"12,05777",957,"1,78241",957,"15,36766",957,"4,64741"
958,"4,3493",958,"5,39493",958,"-3,88683",958,"5,98616",958,"2,75166"
959,"-0,37545",959,"7,38394",959,"0,45356",959,"14,24764",959,"6,11907"
960,"2,22232",960,"8,99061",960,"0,54793",960,"9,82384",960,"5,49594"
961,"1,16232",961,"7,41603",961,"3,99586",961,"17,52103",961,"5,87562"
962,"5,93882",962,"11,23736",962,"6,23716",962,"17,51473",962,"5,10358"
963,"-4,29014",963,"-2,10956",963,"1,35514",963,"10,65881",963,"5,86058"
964,"0,45679",964,"2,10357",964,"3,11681",964,"10,2527",964,"5,73679"
965,"3,50271",965,"6,54424",965,"4,75164",965,"14,49174",965,"1,6416"
966,"5,50561",966,"7,53404",966,"1,89608",966,"10,89912",966,"1,38735"
967,"8,65156",967,"4,59623",967,"-3,19994",967,"10,9358",967,"6,08496"
968,"3,22779",968,"13,73261",968,"-1,87897",968,"14,77153",968,"4,08062"
969,"0,28573",969,"1,77825",969,"-0,591",969,"13,28165",969,"6,46381"
970,"3,97513",970,"6,81426",970,"3,65934",970,"11,72649",970,"6,05399"
971,"3,47555",971,"7,30831",971,"5,37654",971,"14,89177",971,"8,71307"
972,"10,95335",972,"8,66288",972,"2,6857",972,"14,90603",972,"3,16111"
973,"4,96347",973,"4,4147",973,"5,19605",973,"9,27346",973,"-0,98655"
974,"11,07212",974,"3,3311",974,"3,48045",974,"12,43178",974,"0,20152"
975,"1,97067",975,"5,74046",975,"4,44193",975,"10,77372",975,"3,062"
976,"-1,08178",976,"9,28988",976,"3,08195",976,"10,63869",976,"0,93325"
977,"4,57677",977,"15,45182",977,"2,86278",977,"19,59097",977,"2,44224"
978,"2,77551",978,"5,46938",978,"9,76058",978,"12,0855",978,"0,21923"
979,"7,86305",979,"7,11137",979,"0,90613",979,"11,22944",979,"0,90556"
980,"3,37944",980,"3,12123",980,"8,02205",980,"10,06037",980,"2,36806"
981,"1,16472",981,"5,45347",981,"0,6861",981,"11,40248",981,"7,41763"
982,"3,74409",982,"8,01335",982,"1,1072",982,"17,90032",982,"0,45771"
983,"2,48922",983,"6,50502",983,"-1,28955",983,"18,78797",983,"5,32882"
984,"-0,02005",984,"7,04054",984,"-0,86348",984,"12,61939",984,"1,83523"
985,"4,69555",985,"8,44651",985,"-1,68045",985,"14,00606",985,"3,92684"
986,"7,85265",986,"8,84564",986,"0,96569",986,"13,80595",986,"3,55635"
987,"7,95949",987,"8,93462",987,"0,07913",987,"10,67778",987,"5,02691"
988,"2,39025",988,"10,47328",988,"6,15835",988,"15,8631",988,"8,18633"
989,"6,61618",989,"8,72578",989,"4,85227",989,"8,08694",989,"4,50757"
990,"3,76105",990,"6,91943",990,"-4,28825",990,"12,61624",990,"10,45595"
991,"4,6942",991,"12,42497",991,"0,92995",991,"12,67077",991,"0,47784"
992,"10,94425",992,"24,37228",992,"3,11625",992,"24,64118",992,"8,9533"
993,"5,27822",993,"16,66678",993,"7,84349",993,"25,86832",993,"0,20649"
994,"4,08199",994,"8,76425",994,"0,47953",994,"15,94017",994,"2,40009"
995,"6,02889",995,"6,82447",995,"0,99065",995,"16,19555",995,"4,30205"
996,"0,79116",996,"-2,30524",996,"-0,16824",996,"8,6591",996,"-0,66065"
997,"4,9159",997,"11,34445",997,"-1,90007",997,"9,60499",997,"1,9193"
998,"6,73554",998,"6,03451",998,"1,43164",998,"19,42887",998,"4,06666"
999,"6,11397",999,"5,35438",999,"-1,65802",999,"15,6049",999,"4,64776"
1000,"-2,30048",1000,"11,24465",1000,"-1,50477",1000,"6,44357",1000,"7,26558"
