Date,Time,Time since 1970-01-01T00:00:00Z,,Time since start of measurement,,Hallspannung,,Längsspannung,,Temperatur,
2026-05-19,15:11:49.353122,1779196309.353122,s,4e-06,s,-4.4921875,mV,0.2621249854564667,V,156.8249969482422,°C
2026-05-19,15:11:54.353961,1779196314.353961,s,5.000843,s,-4.7734375,mV,0.28087499737739563,V,153.875,°C
2026-05-19,15:11:59.353996,1779196319.353996,s,10.000878,s,-5.0546875,mV,0.3009999990463257,V,151.0124969482422,°C
2026-05-19,15:12:04.354341,1779196324.354341,s,15.001223,s,-5.328125,mV,0.32212498784065247,V,148.25,°C
2026-05-19,15:12:09.361436,1779196329.361436,s,20.008318,s,-5.6015625,mV,0.34549999237060547,V,145.5625,°C
2026-05-19,15:12:14.355279,1779196334.355279,s,25.002161,s,-5.875,mV,0.36912500858306885,V,142.9499969482422,°C
2026-05-19,15:12:19.365329,1779196339.365329,s,30.012211,s,-6.1484375,mV,0.3941250145435333,V,140.3249969482422,°C
2026-05-19,15:12:24.356015,1779196344.356015,s,35.002897,s,-6.3984375,mV,0.42012500762939453,V,137.8625030517578,°C
2026-05-19,15:12:29.368131,1779196349.368131,s,40.015013,s,-6.609375,mV,0.44749999046325684,V,135.4875030517578,°C
2026-05-19,15:12:34.357308,1779196354.357308,s,45.00419,s,-6.8359375,mV,0.4762499928474426,V,133.1750030517578,°C
2026-05-19,15:12:39.368658,1779196359.368658,s,50.01554,s,-7.0390625,mV,0.5077499747276306,V,130.9250030517578,°C
2026-05-19,15:12:44.357741,1779196364.357741,s,55.004623,s,-7.203125,mV,0.5392500162124634,V,128.7375030517578,°C
2026-05-19,15:12:49.369135,1779196369.369135,s,60.016017,s,-7.3359375,mV,0.5721250176429749,V,126.51249694824219,°C
2026-05-19,15:12:54.358237,1779196374.358237,s,65.005119,s,-7.421875,mV,0.606374979019165,V,124.42500305175781,°C
2026-05-19,15:12:59.369632,1779196379.369632,s,70.016514,s,-7.421875,mV,0.6418750286102295,V,122.375,°C
2026-05-19,15:13:04.358766,1779196384.358766,s,75.005648,s,-7.453125,mV,0.6793749928474426,V,120.375,°C
2026-05-19,15:13:09.370897,1779196389.370897,s,80.017779,s,-7.484375,mV,0.7204999923706055,V,118.4000015258789,°C
2026-05-19,15:13:14.359264,1779196394.359264,s,85.006146,s,-7.4296875,mV,0.7611250281333923,V,116.48750305175781,°C
2026-05-19,15:13:19.372074,1779196399.372074,s,90.018956,s,-7.2421875,mV,0.8026250004768372,V,114.5250015258789,°C
2026-05-19,15:13:24.360457,1779196404.360457,s,95.007339,s,-6.9609375,mV,0.8452500104904175,V,112.6875,°C
2026-05-19,15:13:29.372543,1779196409.372543,s,100.019425,s,-6.6171875,mV,0.8887500166893005,V,110.9000015258789,°C
2026-05-19,15:13:34.361006,1779196414.361006,s,105.007888,s,-6.1796875,mV,0.9331250190734863,V,109.1500015258789,°C
2026-05-19,15:13:39.373072,1779196419.373072,s,110.019954,s,-5.6796875,mV,0.9779999852180481,V,107.44999694824219,°C
2026-05-19,15:13:44.361579,1779196424.361579,s,115.008461,s,-5.0625,mV,1.0248750448226929,V,105.7874984741211,°C
2026-05-19,15:13:49.373350,1779196429.37335,s,120.020232,s,-4.3515625,mV,1.0697499513626099,V,104.17500305175781,°C
2026-05-19,15:13:54.361921,1779196434.361921,s,125.008803,s,-3.5703125,mV,1.1145000457763672,V,102.5374984741211,°C
2026-05-19,15:13:59.373866,1779196439.373866,s,130.020748,s,-2.65625,mV,1.1584999561309814,V,101.0,°C
2026-05-19,15:14:04.362426,1779196444.362426,s,135.009308,s,-1.703125,mV,1.2021249532699585,V,99.51249694824219,°C
2026-05-19,15:14:09.374529,1779196449.374529,s,140.021411,s,-0.6796875,mV,1.2447500228881836,V,98.0625,°C
2026-05-19,15:14:14.362791,1779196454.362791,s,145.009673,s,0.421875,mV,1.287750005722046,V,96.63749694824219,°C
2026-05-19,15:14:19.375097,1779196459.375097,s,150.021979,s,1.5859375,mV,1.327625036239624,V,95.26249694824219,°C
2026-05-19,15:14:24.365803,1779196464.365803,s,155.012685,s,2.8046875,mV,1.3660000562667847,V,93.875,°C
2026-05-19,15:14:29.375581,1779196469.375581,s,160.022463,s,4.0703125,mV,1.402750015258789,V,92.5625,°C
2026-05-19,15:14:34.366320,1779196474.36632,s,165.013202,s,5.453125,mV,1.4373749494552612,V,91.30000305175781,°C
2026-05-19,15:14:39.376093,1779196479.376093,s,170.022975,s,6.7734375,mV,1.4704999923706055,V,90.0625,°C
2026-05-19,15:14:44.366832,1779196484.366832,s,175.013714,s,8.09375,mV,1.503000020980835,V,88.8499984741211,°C
2026-05-19,15:14:49.376620,1779196489.37662,s,180.023502,s,9.4140625,mV,1.5321249961853027,V,87.67500305175781,°C
2026-05-19,15:14:54.367325,1779196494.367325,s,185.014207,s,10.6796875,mV,1.5596250295639038,V,86.48750305175781,°C
2026-05-19,15:14:59.377111,1779196499.377111,s,190.023993,s,11.96875,mV,1.5850000381469727,V,85.375,°C
2026-05-19,15:15:04.367835,1779196504.367835,s,195.014717,s,13.2890625,mV,1.6085000038146973,V,84.2874984741211,°C
2026-05-19,15:15:09.378333,1779196509.378333,s,200.025215,s,14.5234375,mV,1.6301250457763672,V,83.2249984741211,°C
2026-05-19,15:15:14.368303,1779196514.368303,s,205.015185,s,15.71875,mV,1.6507500410079956,V,82.1875,°C
2026-05-19,15:15:19.378831,1779196519.378831,s,210.025713,s,16.875,mV,1.6687500476837158,V,81.17500305175781,°C
2026-05-19,15:15:24.368791,1779196524.368791,s,215.015673,s,17.9921875,mV,1.6851249933242798,V,80.1500015258789,°C
2026-05-19,15:15:29.379312,1779196529.379312,s,220.026194,s,19.0703125,mV,1.7000000476837158,V,79.1875,°C
2026-05-19,15:15:34.369327,1779196534.369327,s,225.016209,s,20.140625,mV,1.7133749723434448,V,78.25,°C
2026-05-19,15:15:39.379747,1779196539.379747,s,230.026629,s,21.109375,mV,1.7253750562667847,V,77.3375015258789,°C
2026-05-19,15:15:44.369814,1779196544.369814,s,235.016696,s,22.0390625,mV,1.7363749742507935,V,76.4375,°C
2026-05-19,15:15:49.380079,1779196549.380079,s,240.026961,s,22.9140625,mV,1.7457499504089355,V,75.5625,°C
2026-05-19,15:15:54.370916,1779196554.370916,s,245.017798,s,23.75,mV,1.7541249990463257,V,74.67500305175781,°C
2026-05-19,15:15:59.381246,1779196559.381246,s,250.028128,s,24.5625,mV,1.7611249685287476,V,73.8375015258789,°C
2026-05-19,15:16:04.371407,1779196564.371407,s,255.018289,s,25.3671875,mV,1.7671250104904175,V,73.0374984741211,°C
2026-05-19,15:16:09.381988,1779196569.381988,s,260.02887,s,26.078125,mV,1.7723749876022339,V,72.23750305175781,°C
2026-05-19,15:16:14.371774,1779196574.371774,s,265.018656,s,26.7421875,mV,1.7767499685287476,V,71.4625015258789,°C
2026-05-19,15:16:19.383393,1779196579.383393,s,270.030275,s,27.375,mV,1.7803750038146973,V,70.69999694824219,°C
2026-05-19,15:16:24.372107,1779196584.372107,s,275.018989,s,27.953125,mV,1.7833750247955322,V,69.9375,°C
2026-05-19,15:16:29.383961,1779196589.383961,s,280.030843,s,28.4921875,mV,1.7857500314712524,V,69.2125015258789,°C
2026-05-19,15:16:34.372500,1779196594.3725,s,285.019382,s,29.015625,mV,1.787500023841858,V,68.5,°C
2026-05-19,15:16:39.385282,1779196599.385282,s,290.032164,s,29.46875,mV,1.7888749837875366,V,67.8125,°C
2026-05-19,15:16:44.372971,1779196604.372971,s,295.019853,s,29.90625,mV,1.7897499799728394,V,67.13749694824219,°C
2026-05-19,15:16:49.385773,1779196609.385773,s,300.032655,s,30.3203125,mV,1.7899999618530273,V,66.4749984741211,°C
2026-05-19,15:16:54.373341,1779196614.373341,s,305.020223,s,30.703125,mV,1.7901250123977661,V,65.80000305175781,°C
2026-05-19,15:16:59.386249,1779196619.386249,s,310.033131,s,31.0625,mV,1.7896250486373901,V,65.1624984741211,°C
2026-05-19,15:17:04.374488,1779196624.374488,s,315.02137,s,31.4375,mV,1.7890000343322754,V,64.55000305175781,°C
2026-05-19,15:17:09.387287,1779196629.387287,s,320.034169,s,31.7734375,mV,1.7879999876022339,V,63.95000076293945,°C
2026-05-19,15:17:14.375020,1779196634.37502,s,325.021902,s,32.078125,mV,1.7866250276565552,V,63.36249923706055,°C
2026-05-19,15:17:19.387756,1779196639.387756,s,330.034638,s,32.3515625,mV,1.7851250171661377,V,62.787498474121094,°C
2026-05-19,15:17:24.375418,1779196644.375418,s,335.0223,s,32.6015625,mV,1.7833750247955322,V,62.1875,°C
2026-05-19,15:17:29.389044,1779196649.389044,s,340.035926,s,32.8359375,mV,1.781499981880188,V,61.63750076293945,°C
2026-05-19,15:17:34.376728,1779196654.376728,s,345.02361,s,33.0546875,mV,1.7795000076293945,V,61.099998474121094,°C
2026-05-19,15:17:39.390174,1779196659.390174,s,350.037056,s,33.25,mV,1.777500033378601,V,60.5625,°C
2026-05-19,15:17:44.377283,1779196664.377283,s,355.024165,s,33.4296875,mV,1.7751250267028809,V,60.04999923706055,°C
2026-05-19,15:17:49.390527,1779196669.390527,s,360.037409,s,33.6015625,mV,1.7728749513626099,V,59.54999923706055,°C
2026-05-19,15:17:54.377799,1779196674.377799,s,365.024681,s,33.7734375,mV,1.7702499628067017,V,59.025001525878906,°C
2026-05-19,15:17:59.391822,1779196679.391822,s,370.038704,s,33.96875,mV,1.7675000429153442,V,58.54999923706055,°C
2026-05-19,15:18:04.378337,1779196684.378337,s,375.025219,s,34.125,mV,1.7647500038146973,V,58.07500076293945,°C
2026-05-19,15:18:09.392167,1779196689.392167,s,380.039049,s,34.265625,mV,1.7619999647140503,V,57.599998474121094,°C
2026-05-19,15:18:14.378815,1779196694.378815,s,385.025697,s,34.3984375,mV,1.759124994277954,V,57.150001525878906,°C
2026-05-19,15:18:19.393328,1779196699.393328,s,390.04021,s,34.5234375,mV,1.756250023841858,V,56.712501525878906,°C
2026-05-19,15:18:24.379315,1779196704.379315,s,395.026197,s,34.640625,mV,1.753499984741211,V,56.25,°C
2026-05-19,15:18:29.394337,1779196709.394337,s,400.041219,s,34.7421875,mV,1.7506250143051147,V,55.82500076293945,°C
2026-05-19,15:18:34.380733,1779196714.380733,s,405.027615,s,34.84375,mV,1.7478749752044678,V,55.412498474121094,°C
2026-05-19,15:18:39.394694,1779196719.394694,s,410.041576,s,34.9296875,mV,1.7450000047683716,V,55.0,°C
2026-05-19,15:18:44.381251,1779196724.381251,s,415.028133,s,35.0078125,mV,1.7419999837875366,V,54.599998474121094,°C
2026-05-19,15:18:49.395617,1779196729.395617,s,420.042499,s,35.078125,mV,1.7392499446868896,V,54.212501525878906,°C
2026-05-19,15:18:54.381712,1779196734.381712,s,425.028594,s,35.140625,mV,1.7363749742507935,V,53.8125,°C
2026-05-19,15:18:59.396477,1779196739.396477,s,430.043359,s,35.1953125,mV,1.733625054359436,V,53.4375,°C
2026-05-19,15:19:04.382155,1779196744.382155,s,435.029037,s,35.234375,mV,1.7309999465942383,V,53.07500076293945,°C
2026-05-19,15:19:09.396807,1779196749.396807,s,440.043689,s,35.234375,mV,1.7285000085830688,V,52.712501525878906,°C
2026-05-19,15:19:14.382475,1779196754.382475,s,445.029357,s,35.265625,mV,1.7257499694824219,V,52.349998474121094,°C
2026-05-19,15:19:19.398125,1779196759.398125,s,450.045007,s,35.3046875,mV,1.7230000495910645,V,52.01250076293945,°C
2026-05-19,15:19:24.382796,1779196764.382796,s,455.029678,s,35.3515625,mV,1.7203749418258667,V,51.67499923706055,°C
2026-05-19,15:19:29.398724,1779196769.398724,s,460.045606,s,35.390625,mV,1.7174999713897705,V,51.32500076293945,°C
2026-05-19,15:19:34.383292,1779196774.383292,s,465.030174,s,35.4296875,mV,1.714750051498413,V,51.025001525878906,°C
2026-05-19,15:19:39.399308,1779196779.399308,s,470.04619,s,35.46875,mV,1.7121249437332153,V,50.6875,°C
2026-05-19,15:19:44.383637,1779196784.383637,s,475.030519,s,35.5078125,mV,1.7094999551773071,V,50.375,°C
2026-05-19,15:19:49.399807,1779196789.399807,s,480.046689,s,35.5390625,mV,1.706624984741211,V,50.07500076293945,°C
2026-05-19,15:19:54.383881,1779196794.383881,s,485.030763,s,35.5703125,mV,1.7041250467300415,V,49.775001525878906,°C
2026-05-19,15:19:59.400286,1779196799.400286,s,490.047168,s,35.6015625,mV,1.7015000581741333,V,49.474998474121094,°C
2026-05-19,15:20:04.384212,1779196804.384212,s,495.031094,s,35.6328125,mV,1.6990000009536743,V,49.20000076293945,°C
2026-05-19,15:20:09.400757,1779196809.400757,s,500.047639,s,35.65625,mV,1.6964999437332153,V,48.900001525878906,°C
2026-05-19,15:20:14.384779,1779196814.384779,s,505.031661,s,35.671875,mV,1.694000005722046,V,48.625,°C
2026-05-19,15:20:19.401238,1779196819.401238,s,510.04812,s,35.703125,mV,1.6913750171661377,V,48.349998474121094,°C
2026-05-19,15:20:24.385337,1779196824.385337,s,515.032219,s,35.71875,mV,1.6891249418258667,V,48.087501525878906,°C
2026-05-19,15:20:29.401641,1779196829.401641,s,520.048523,s,35.734375,mV,1.6866250038146973,V,47.8125,°C
2026-05-19,15:20:34.385842,1779196834.385842,s,525.032724,s,35.7578125,mV,1.6843750476837158,V,47.57500076293945,°C
2026-05-19,15:20:39.402200,1779196839.4022,s,530.049082,s,35.7734375,mV,1.6820000410079956,V,47.3125,°C
2026-05-19,15:20:44.386400,1779196844.3864,s,535.033282,s,35.7890625,mV,1.6797499656677246,V,47.07500076293945,°C
2026-05-19,15:20:49.402575,1779196849.402575,s,540.049457,s,35.8046875,mV,1.6773749589920044,V,46.837501525878906,°C
2026-05-19,15:20:54.386878,1779196854.386878,s,545.03376,s,35.8203125,mV,1.6752500534057617,V,46.587501525878906,°C
2026-05-19,15:20:59.402905,1779196859.402905,s,550.049787,s,35.828125,mV,1.6729999780654907,V,46.36249923706055,°C
2026-05-19,15:21:04.388480,1779196864.38848,s,555.035362,s,35.859375,mV,1.6707500219345093,V,46.13750076293945,°C
2026-05-19,15:21:09.404174,1779196869.404174,s,560.051056,s,35.8828125,mV,1.668624997138977,V,45.912498474121094,°C
2026-05-19,15:21:14.390096,1779196874.390096,s,565.036978,s,35.8984375,mV,1.6664999723434448,V,45.6875,°C
2026-05-19,15:21:19.405440,1779196879.40544,s,570.052322,s,35.90625,mV,1.6643749475479126,V,45.474998474121094,°C
2026-05-19,15:21:24.390695,1779196884.390695,s,575.037577,s,35.921875,mV,1.662500023841858,V,45.275001525878906,°C
2026-05-19,15:21:29.406631,1779196889.406631,s,580.053513,s,35.9296875,mV,1.6603749990463257,V,45.0625,°C
2026-05-19,15:21:34.392200,1779196894.3922,s,585.039082,s,35.9375,mV,1.6584999561309814,V,44.86249923706055,°C
2026-05-19,15:21:39.406918,1779196899.406918,s,590.0538,s,35.9453125,mV,1.656499981880188,V,44.662498474121094,°C
2026-05-19,15:21:44.392594,1779196904.392594,s,595.039476,s,35.953125,mV,1.6546250581741333,V,44.462501525878906,°C
2026-05-19,15:21:49.407311,1779196909.407311,s,600.054193,s,35.9609375,mV,1.652750015258789,V,44.275001525878906,°C
2026-05-19,15:21:54.393136,1779196914.393136,s,605.040018,s,35.96875,mV,1.6510000228881836,V,44.087501525878906,°C
2026-05-19,15:21:59.408834,1779196919.408834,s,610.055716,s,35.9765625,mV,1.6491249799728394,V,43.900001525878906,°C
2026-05-19,15:22:04.394706,1779196924.394706,s,615.041588,s,35.9765625,mV,1.6473749876022339,V,43.724998474121094,°C
2026-05-19,15:22:09.409257,1779196929.409257,s,620.056139,s,35.9765625,mV,1.6456249952316284,V,43.537498474121094,°C
2026-05-19,15:22:14.395880,1779196934.39588,s,625.042762,s,35.984375,mV,1.643875002861023,V,43.36249923706055,°C
2026-05-19,15:22:19.409699,1779196939.409699,s,630.056581,s,35.9921875,mV,1.6422499418258667,V,43.20000076293945,°C
2026-05-19,15:22:24.397098,1779196944.397098,s,635.04398,s,35.9921875,mV,1.640625,V,43.025001525878906,°C
2026-05-19,15:22:29.410779,1779196949.410779,s,640.057661,s,35.9921875,mV,1.6388750076293945,V,42.86249923706055,°C
2026-05-19,15:22:34.397583,1779196954.397583,s,645.044465,s,35.9921875,mV,1.637374997138977,V,42.70000076293945,°C
2026-05-19,15:22:39.411852,1779196959.411852,s,650.058734,s,35.9921875,mV,1.6357500553131104,V,42.537498474121094,°C
2026-05-19,15:22:44.398139,1779196964.398139,s,655.045021,s,35.9921875,mV,1.6342500448226929,V,42.38750076293945,°C
2026-05-19,15:22:49.412737,1779196969.412737,s,660.059619,s,35.9921875,mV,1.6327500343322754,V,42.23749923706055,°C
2026-05-19,15:22:54.399204,1779196974.399204,s,665.046086,s,35.9921875,mV,1.631250023841858,V,42.087501525878906,°C
2026-05-19,15:22:59.413850,1779196979.41385,s,670.060732,s,35.9921875,mV,1.6297500133514404,V,41.9375,°C
2026-05-19,15:23:04.399725,1779196984.399725,s,675.046607,s,35.9921875,mV,1.628250002861023,V,41.787498474121094,°C
2026-05-19,15:23:09.414586,1779196989.414586,s,680.061468,s,35.9921875,mV,1.6268750429153442,V,41.650001525878906,°C
2026-05-19,15:23:14.400625,1779196994.400625,s,685.047507,s,35.9921875,mV,1.625499963760376,V,41.51250076293945,°C
2026-05-19,15:23:19.415143,1779196999.415143,s,690.062025,s,35.984375,mV,1.6241250038146973,V,41.375,°C
2026-05-19,15:23:24.400897,1779197004.400897,s,695.047779,s,35.984375,mV,1.6228749752044678,V,41.23749923706055,°C
2026-05-19,15:23:29.415570,1779197009.41557,s,700.062452,s,35.9765625,mV,1.6213749647140503,V,41.099998474121094,°C
2026-05-19,15:23:34.401421,1779197014.401421,s,705.048303,s,35.9765625,mV,1.6201250553131104,V,40.974998474121094,°C
2026-05-19,15:23:39.416093,1779197019.416093,s,710.062975,s,35.9765625,mV,1.6188750267028809,V,40.837501525878906,°C
2026-05-19,15:23:44.401961,1779197024.401961,s,715.048843,s,35.96875,mV,1.6176249980926514,V,40.712501525878906,°C
2026-05-19,15:23:49.416560,1779197029.41656,s,720.063442,s,35.96875,mV,1.6163749694824219,V,40.587501525878906,°C
2026-05-19,15:23:54.402501,1779197034.402501,s,725.049383,s,35.9609375,mV,1.6152499914169312,V,40.474998474121094,°C
2026-05-19,15:23:59.417581,1779197039.417581,s,730.064463,s,35.953125,mV,1.6139999628067017,V,40.36249923706055,°C
2026-05-19,15:24:04.403084,1779197044.403084,s,735.049966,s,35.9453125,mV,1.612874984741211,V,40.23749923706055,°C
2026-05-19,15:24:09.417868,1779197049.417868,s,740.06475,s,35.9375,mV,1.6117500066757202,V,40.125,°C
2026-05-19,15:24:14.404174,1779197054.404174,s,745.051056,s,35.9375,mV,1.6106250286102295,V,40.01250076293945,°C
2026-05-19,15:24:19.418250,1779197059.41825,s,750.065132,s,35.9296875,mV,1.6095000505447388,V,39.900001525878906,°C
2026-05-19,15:24:24.404623,1779197064.404623,s,755.051505,s,35.921875,mV,1.6083749532699585,V,39.787498474121094,°C
2026-05-19,15:24:29.418703,1779197069.418703,s,760.065585,s,35.9140625,mV,1.6073750257492065,V,39.67499923706055,°C
2026-05-19,15:24:34.405135,1779197074.405135,s,765.052017,s,35.9140625,mV,1.6062500476837158,V,39.57500076293945,°C
2026-05-19,15:24:39.418938,1779197079.418938,s,770.06582,s,35.9140625,mV,1.6051249504089355,V,39.474998474121094,°C
2026-05-19,15:24:44.405598,1779197084.405598,s,775.05248,s,35.9140625,mV,1.6041250228881836,V,39.375,°C
2026-05-19,15:24:49.419197,1779197089.419197,s,780.066079,s,35.9140625,mV,1.603124976158142,V,39.275001525878906,°C
2026-05-19,15:24:54.406100,1779197094.4061,s,785.052982,s,35.9140625,mV,1.6019999980926514,V,39.17499923706055,°C
2026-05-19,15:24:59.419464,1779197099.419464,s,790.066346,s,35.9140625,mV,1.6009999513626099,V,39.07500076293945,°C
2026-05-19,15:25:04.406368,1779197104.406368,s,795.05325,s,35.921875,mV,1.600000023841858,V,38.98749923706055,°C
2026-05-19,15:25:09.420004,1779197109.420004,s,800.066886,s,35.921875,mV,1.5989999771118164,V,38.88750076293945,°C
2026-05-19,15:25:14.406734,1779197114.406734,s,805.053616,s,35.921875,mV,1.5981249809265137,V,38.787498474121094,°C
2026-05-19,15:25:19.421190,1779197119.42119,s,810.068072,s,35.921875,mV,1.5971250534057617,V,38.70000076293945,°C
2026-05-19,15:25:24.407094,1779197124.407094,s,815.053976,s,35.921875,mV,1.596250057220459,V,38.61249923706055,°C
2026-05-19,15:25:29.422494,1779197129.422494,s,820.069376,s,35.9140625,mV,1.5953749418258667,V,38.525001525878906,°C
2026-05-19,15:25:34.408405,1779197134.408405,s,825.055287,s,35.9140625,mV,1.594499945640564,V,38.4375,°C
2026-05-19,15:25:39.423026,1779197139.423026,s,830.069908,s,35.9140625,mV,1.593500018119812,V,38.349998474121094,°C
2026-05-19,15:25:44.408828,1779197144.408828,s,835.05571,s,35.9140625,mV,1.5927499532699585,V,38.26250076293945,°C
2026-05-19,15:25:49.423525,1779197149.423525,s,840.070407,s,35.90625,mV,1.5918749570846558,V,38.1875,°C
2026-05-19,15:25:54.409955,1779197154.409955,s,845.056837,s,35.90625,mV,1.590999960899353,V,38.099998474121094,°C
2026-05-19,15:25:59.424114,1779197159.424114,s,850.070996,s,35.90625,mV,1.590250015258789,V,38.025001525878906,°C
2026-05-19,15:26:04.410253,1779197164.410253,s,855.057135,s,35.8984375,mV,1.5893750190734863,V,37.95000076293945,°C
2026-05-19,15:26:09.424650,1779197169.42465,s,860.071532,s,35.8984375,mV,1.5886249542236328,V,37.875,°C
2026-05-19,15:26:14.411472,1779197174.411472,s,865.058354,s,35.8984375,mV,1.5878750085830688,V,37.79999923706055,°C
2026-05-19,15:26:19.425162,1779197179.425162,s,870.072044,s,35.8984375,mV,1.5871249437332153,V,37.712501525878906,°C
2026-05-19,15:26:24.411811,1779197184.411811,s,875.058693,s,35.8984375,mV,1.5862499475479126,V,37.650001525878906,°C
2026-05-19,15:26:29.425642,1779197189.425642,s,880.072524,s,35.890625,mV,1.5855000019073486,V,37.57500076293945,°C
2026-05-19,15:26:34.412099,1779197194.412099,s,885.058981,s,35.890625,mV,1.5847500562667847,V,37.5,°C
2026-05-19,15:26:39.426093,1779197199.426093,s,890.072975,s,35.890625,mV,1.58412504196167,V,37.4375,°C
2026-05-19,15:26:44.412737,1779197204.412737,s,895.059619,s,35.890625,mV,1.5833749771118164,V,37.36249923706055,°C
2026-05-19,15:26:49.426566,1779197209.426566,s,900.073448,s,35.8828125,mV,1.5826250314712524,V,37.287498474121094,°C
2026-05-19,15:26:54.413278,1779197214.413278,s,905.06016,s,35.8828125,mV,1.5820000171661377,V,37.224998474121094,°C
2026-05-19,15:26:59.427880,1779197219.42788,s,910.074762,s,35.8828125,mV,1.5812499523162842,V,37.162498474121094,°C
2026-05-19,15:27:04.413818,1779197224.413818,s,915.0607,s,35.8828125,mV,1.580625057220459,V,37.099998474121094,°C
2026-05-19,15:27:09.428297,1779197229.428297,s,920.075179,s,35.875,mV,1.5800000429153442,V,37.037498474121094,°C
2026-05-19,15:27:14.414357,1779197234.414357,s,925.061239,s,35.875,mV,1.5793750286102295,V,36.974998474121094,°C
2026-05-19,15:27:19.429803,1779197239.429803,s,930.076685,s,35.875,mV,1.578624963760376,V,36.912498474121094,°C
2026-05-19,15:27:24.414857,1779197244.414857,s,935.061739,s,35.875,mV,1.578125,V,36.849998474121094,°C
2026-05-19,15:27:29.430223,1779197249.430223,s,940.077105,s,35.8671875,mV,1.577375054359436,V,36.787498474121094,°C
2026-05-19,15:27:34.415402,1779197254.415402,s,945.062284,s,35.8671875,mV,1.5768749713897705,V,36.724998474121094,°C
2026-05-19,15:27:39.430746,1779197259.430746,s,950.077628,s,35.859375,mV,1.5762499570846558,V,36.67499923706055,°C
2026-05-19,15:27:44.415916,1779197264.415916,s,955.062798,s,35.859375,mV,1.575624942779541,V,36.61249923706055,°C
2026-05-19,15:27:49.431139,1779197269.431139,s,960.078021,s,35.859375,mV,1.5750000476837158,V,36.54999923706055,°C
2026-05-19,15:27:54.416314,1779197274.416314,s,965.063196,s,35.859375,mV,1.5744999647140503,V,36.5,°C
2026-05-19,15:27:59.432506,1779197279.432506,s,970.079388,s,35.8515625,mV,1.5740000009536743,V,36.45000076293945,°C
2026-05-19,15:28:04.416876,1779197284.416876,s,975.063758,s,35.84375,mV,1.5733749866485596,V,36.38750076293945,°C
2026-05-19,15:28:09.433856,1779197289.433856,s,980.080738,s,35.84375,mV,1.5728750228881836,V,36.337501525878906,°C
2026-05-19,15:28:14.417386,1779197294.417386,s,985.064268,s,35.84375,mV,1.5722500085830688,V,36.287498474121094,°C
2026-05-19,15:28:19.434231,1779197299.434231,s,990.081113,s,35.8359375,mV,1.5717500448226929,V,36.224998474121094,°C
2026-05-19,15:28:24.417943,1779197304.417943,s,995.064825,s,35.8359375,mV,1.5712499618530273,V,36.1875,°C
2026-05-19,15:28:29.435560,1779197309.43556,s,1000.082442,s,35.828125,mV,1.5707499980926514,V,36.13750076293945,°C
2026-05-19,15:28:34.418907,1779197314.418907,s,1005.065789,s,35.828125,mV,1.5702500343322754,V,36.087501525878906,°C
2026-05-19,15:28:39.436595,1779197319.436595,s,1010.083477,s,35.828125,mV,1.5696250200271606,V,36.037498474121094,°C
2026-05-19,15:28:44.419425,1779197324.419425,s,1015.066307,s,35.8203125,mV,1.5692499876022339,V,35.98749923706055,°C
2026-05-19,15:28:49.436910,1779197329.43691,s,1020.083792,s,35.8203125,mV,1.568750023841858,V,35.95000076293945,°C
2026-05-19,15:28:54.419901,1779197334.419901,s,1025.066783,s,35.8203125,mV,1.5682499408721924,V,35.900001525878906,°C
2026-05-19,15:28:59.437291,1779197339.437291,s,1030.084173,s,35.8203125,mV,1.5677499771118164,V,35.849998474121094,°C
2026-05-19,15:29:04.420395,1779197344.420395,s,1035.067277,s,35.8125,mV,1.5673749446868896,V,35.8125,°C
2026-05-19,15:29:09.438802,1779197349.438802,s,1040.085684,s,35.8046875,mV,1.5668749809265137,V,35.76250076293945,°C
2026-05-19,15:29:14.420850,1779197354.42085,s,1045.067732,s,35.8046875,mV,1.566499948501587,V,35.712501525878906,°C
2026-05-19,15:29:19.439569,1779197359.439569,s,1050.086451,s,35.8046875,mV,1.565999984741211,V,35.67499923706055,°C
2026-05-19,15:29:24.422259,1779197364.422259,s,1055.069141,s,35.796875,mV,1.5656249523162842,V,35.63750076293945,°C
2026-05-19,15:29:29.440426,1779197369.440426,s,1060.087308,s,35.796875,mV,1.5651249885559082,V,35.587501525878906,°C
2026-05-19,15:29:34.422622,1779197374.422622,s,1065.069504,s,35.796875,mV,1.5647499561309814,V,35.54999923706055,°C
2026-05-19,15:29:39.440991,1779197379.440991,s,1070.087873,s,35.7890625,mV,1.5642499923706055,V,35.51250076293945,°C
2026-05-19,15:29:44.423085,1779197384.423085,s,1075.069967,s,35.7890625,mV,1.5638749599456787,V,35.462501525878906,°C
2026-05-19,15:29:49.442252,1779197389.442252,s,1080.089134,s,35.7890625,mV,1.5635000467300415,V,35.42499923706055,°C
2026-05-19,15:29:54.423471,1779197394.423471,s,1085.070353,s,35.78125,mV,1.5631250143051147,V,35.38750076293945,°C
2026-05-19,15:29:59.442819,1779197399.442819,s,1090.089701,s,35.78125,mV,1.562749981880188,V,35.349998474121094,°C
2026-05-19,15:30:04.424054,1779197404.424054,s,1095.070936,s,35.78125,mV,1.562250018119812,V,35.3125,°C
2026-05-19,15:30:09.444173,1779197409.444173,s,1100.091055,s,35.78125,mV,1.5618749856948853,V,35.275001525878906,°C
2026-05-19,15:30:14.424573,1779197414.424573,s,1105.071455,s,35.7734375,mV,1.5614999532699585,V,35.23749923706055,°C
2026-05-19,15:30:19.444540,1779197419.44454,s,1110.091422,s,35.7734375,mV,1.5612499713897705,V,35.20000076293945,°C
2026-05-19,15:30:24.425161,1779197424.425161,s,1115.072043,s,35.765625,mV,1.5608750581741333,V,35.162498474121094,°C
2026-05-19,15:30:29.445953,1779197429.445953,s,1120.092835,s,35.765625,mV,1.5605000257492065,V,35.13750076293945,°C
2026-05-19,15:30:34.426395,1779197434.426395,s,1125.073277,s,35.765625,mV,1.5601249933242798,V,35.099998474121094,°C
2026-05-19,15:30:39.447358,1779197439.447358,s,1130.09424,s,35.7578125,mV,1.559749960899353,V,35.0625,°C
